owner_id,fname,lname,email,phone
1,Tucker,Philipp,tphilipp0@ameblo.jp,512-170-1426
2,Minette,De Ath,mdeath1@myspace.com,786-513-0625
3,Tatum,Dietmar,tdietmar2@cornell.edu,372-931-8969
4,Anabal,Bagge,abagge3@imageshack.us,934-860-4409
5,Marion,Monkeman,mmonkeman4@skype.com,549-240-7114
6,Mayer,Mawdsley,mmawdsley5@skype.com,790-775-6669
7,Reta,Tomich,rtomich6@wsj.com,728-487-8499
8,Heddi,Crossby,hcrossby7@mozilla.com,389-711-3614
9,Mordecai,Fayerbrother,mfayerbrother8@salon.com,185-719-9072
10,Parsifal,Custy,pcusty9@hao123.com,122-723-3669
11,Coleen,Jeves,cjevesa@nationalgeographic.com,238-956-3680
12,Donall,Krystof,dkrystofb@census.gov,162-680-8580
13,Merna,Merrill,mmerrillc@apple.com,890-681-1787
14,Vinny,Dalligan,vdalligand@google.pl,340-335-1881
15,Hartwell,Treverton,htrevertone@flickr.com,822-300-3534
16,Douglass,Kerner,dkernerf@goo.ne.jp,513-965-6932
17,Angelo,Fairhall,afairhallg@seesaa.net,655-237-3473
18,Justine,Shipton,jshiptonh@ucoz.ru,474-341-7613
19,Becka,Limeburn,blimeburni@phpbb.com,550-341-7102
20,Rana,Garratt,rgarrattj@google.com.au,560-969-7891
21,Shelley,Guyton,sguytonk@taobao.com,866-533-8605
22,Helenka,O' Meara,homearal@dailymail.co.uk,931-689-3925
23,Cordelie,Broster,cbrosterm@howstuffworks.com,895-652-1352
24,Leshia,Johnston,ljohnstonn@elegantthemes.com,659-697-6508
25,Jule,Proschek,jproscheko@examiner.com,624-559-8725
26,Joice,Rollin,jrollinp@ucoz.com,757-884-1632
27,Hayyim,Simoncini,hsimonciniq@phpbb.com,892-662-8863
28,Merl,Mickleborough,mmickleboroughr@google.ru,442-726-9820
29,Paulie,Marle,pmarles@mac.com,607-376-4908
30,Andonis,Webley,awebleyt@diigo.com,933-377-5591
31,Cosette,Spurge,cspurgeu@gnu.org,670-844-0202
32,Ferdinand,Senner,fsennerv@state.tx.us,907-327-9380
33,Con,Dutton,cduttonw@topsy.com,215-892-5734
34,Trey,Hucknall,thucknallx@wikia.com,251-468-3840
35,Janos,Newtown,jnewtowny@usatoday.com,906-400-3233
36,Pascal,Mirfield,pmirfieldz@google.cn,927-883-3500
37,Felicle,Raymond,fraymond10@amazonaws.com,906-907-9958
38,Emili,Pavy,epavy11@jugem.jp,733-448-3982
39,Hall,Maleham,hmaleham12@tamu.edu,577-614-5285
40,Blythe,Stilly,bstilly13@princeton.edu,846-653-1747
41,Gena,Belin,gbelin14@wikimedia.org,331-383-3680
42,Mariya,Moir,mmoir15@amazon.co.jp,977-731-8234
43,Bud,Edwicke,bedwicke16@unblog.fr,366-482-8863
44,Ursuline,Oakenfield,uoakenfield17@usgs.gov,608-585-5685
45,Petronille,Brussell,pbrussell18@hc360.com,231-264-8813
46,Ophelia,Capaldi,ocapaldi19@lulu.com,561-965-1247
47,Barnebas,Shrigley,bshrigley1a@psu.edu,780-785-1932
48,Chryste,Malam,cmalam1b@so-net.ne.jp,517-951-8078
49,Cosette,Queyos,cqueyos1c@goo.ne.jp,748-381-5499
50,Laurette,Blincow,lblincow1d@statcounter.com,517-522-7345
51,Guenevere,Fenn,gfenn1e@examiner.com,825-181-2663
52,Jimmy,Cawley,jcawley1f@washington.edu,607-850-4724
53,Eachelle,Berrecloth,eberrecloth1g@mediafire.com,723-288-3189
54,Elbert,Beaven,ebeaven1h@is.gd,616-471-9612
55,Ki,MacAllen,kmacallen1i@bloomberg.com,872-335-1328
56,Donella,Pinar,dpinar1j@yahoo.com,124-692-0046
57,Mady,Beldum,mbeldum1k@diigo.com,718-577-6843
58,Indira,Glaysher,iglaysher1l@google.ru,715-905-0356
59,Avis,Harse,aharse1m@tamu.edu,395-419-4981
60,Jarret,Cominello,jcominello1n@irs.gov,967-188-1788
61,Saleem,Baggally,sbaggally1o@dagondesign.com,227-141-4100
62,Madella,Tissell,mtissell1p@biglobe.ne.jp,572-436-0982
63,Sissie,Gregr,sgregr1q@harvard.edu,879-731-9303
64,Pascale,Ferens,pferens1r@cdc.gov,508-121-9875
65,Fabiano,Rosone,frosone1s@wix.com,883-663-9103
66,Aloysius,Orrocks,aorrocks1t@slashdot.org,984-311-2981
67,Petronilla,Youthead,pyouthead1u@canalblog.com,751-256-0431
68,Chad,Heyburn,cheyburn1v@alexa.com,932-127-6109
69,Maryellen,Hendrix,mhendrix1w@google.nl,872-598-5360
70,Guenevere,Logesdale,glogesdale1x@cbsnews.com,517-707-0390
71,Florella,Breagan,fbreagan1y@blogs.com,323-115-6100
72,Winifred,Biddlestone,wbiddlestone1z@biblegateway.com,325-765-2633
73,Erasmus,Trevorrow,etrevorrow20@go.com,620-319-0312
74,Odell,Howels,ohowels21@europa.eu,713-465-7935
75,Luce,Relfe,lrelfe22@msu.edu,825-548-6336
76,Fredra,Randell,frandell23@seesaa.net,993-505-7442
77,Dougie,Eadmeades,deadmeades24@tinyurl.com,457-520-5129
78,Lorri,Crapper,lcrapper25@yahoo.com,654-468-2390
79,Annnora,Hatwell,ahatwell26@examiner.com,783-748-6730
80,Amandie,Pietz,apietz27@opera.com,463-948-8558
81,Reinold,MacGruer,rmacgruer28@ameblo.jp,775-350-5111
82,Wylie,Di Nisco,wdinisco29@blogs.com,134-317-7081
83,Magdalen,Whitehead,mwhitehead2a@tumblr.com,639-825-7333
84,Kerri,Boobier,kboobier2b@cocolog-nifty.com,993-799-8560
85,Lanette,Whapham,lwhapham2c@twitter.com,569-555-7977
86,Bari,MacCartney,bmaccartney2d@woothemes.com,306-490-7718
87,Boycey,Dyde,bdyde2e@netscape.com,835-705-4375
88,Enriqueta,Amos,eamos2f@bravesites.com,591-436-3331
89,Yasmeen,Jinks,yjinks2g@howstuffworks.com,746-513-6181
90,Lettie,Bosson,lbosson2h@wordpress.com,475-483-0670
91,Kellen,Kindley,kkindley2i@indiegogo.com,360-566-7101
92,Priscilla,Demelt,pdemelt2j@earthlink.net,150-440-9785
93,Sarge,Gorwood,sgorwood2k@ustream.tv,152-266-1362
94,Zacherie,Joliffe,zjoliffe2l@macromedia.com,997-463-2672
95,Mendy,Constable,mconstable2m@msu.edu,193-905-5873
96,Everard,Spacy,espacy2n@oakley.com,556-716-8134
97,Moshe,Rylance,mrylance2o@sakura.ne.jp,453-458-3143
98,Bethanne,Savatier,bsavatier2p@shop-pro.jp,103-917-3748
99,Phillida,McEvay,pmcevay2q@imageshack.us,581-767-9773
100,Donelle,Giacomini,dgiacomini2r@twitter.com,856-743-6450
101,Mackenzie,Neicho,mneicho2s@netlog.com,798-537-8252
102,Marcelline,Gamet,mgamet2t@google.cn,826-416-2631
103,Angelica,Purshouse,apurshouse2u@constantcontact.com,831-257-0111
104,Ardyce,McCudden,amccudden2v@nps.gov,797-401-9929
105,Darline,Venes,dvenes2w@paginegialle.it,771-241-9535
106,Saxe,Mabone,smabone2x@usatoday.com,591-886-8832
107,Waneta,Barnish,wbarnish2y@telegraph.co.uk,586-318-2252
108,Launce,Eccersley,leccersley2z@blogtalkradio.com,837-311-5376
109,Lark,Jaegar,ljaegar30@liveinternet.ru,299-865-4113
110,Tracy,Dowyer,tdowyer31@bing.com,981-742-7762
111,Ellwood,Lohoar,elohoar32@surveymonkey.com,518-836-9522
112,Legra,Ballentime,lballentime33@free.fr,828-954-8224
113,Kirsteni,Burnapp,kburnapp34@answers.com,628-394-9133
114,Marley,Pain,mpain35@narod.ru,380-113-4769
115,Winny,Baldoni,wbaldoni36@comsenz.com,199-227-8461
116,Terri,Mungin,tmungin37@squarespace.com,710-579-1227
117,Kahlil,Durston,kdurston38@icio.us,880-892-3841
118,Kary,Olivazzi,kolivazzi39@github.com,261-670-4677
119,Michaeline,Kilty,mkilty3a@seattletimes.com,772-694-1596
120,Jodi,Henbury,jhenbury3b@mozilla.com,139-541-8725
121,Ramon,Bettesworth,rbettesworth3c@cnbc.com,515-276-9656
122,Barny,Gerrad,bgerrad3d@1688.com,467-348-7326
123,Adora,Olle,aolle3e@amazon.co.uk,969-680-5427
124,Darrelle,Skittrall,dskittrall3f@ihg.com,404-884-2909
125,Fabien,Racine,fracine3g@oakley.com,346-307-8011
126,Sunny,Bevan,sbevan3h@vk.com,649-853-5526
127,Ofelia,Stiggers,ostiggers3i@nsw.gov.au,289-100-5454
128,Aloysia,Harbertson,aharbertson3j@stumbleupon.com,601-437-2518
129,Rourke,Rosiello,rrosiello3k@cornell.edu,458-543-9452
130,Brandise,Chesson,bchesson3l@cdbaby.com,648-801-7379
131,Sonya,Heinssen,sheinssen3m@list-manage.com,953-680-9732
132,Justinn,Hassan,jhassan3n@tinyurl.com,728-716-7535
133,Skyler,Lednor,slednor3o@sciencedirect.com,457-162-8968
134,Gaynor,Jobes,gjobes3p@ocn.ne.jp,737-673-6478
135,Thedric,Butler-Bowdon,tbutlerbowdon3q@vk.com,685-153-8668
136,Ervin,Yokley,eyokley3r@blog.com,289-933-7108
137,Arman,Lotte,alotte3s@yandex.ru,779-388-6398
138,Mallory,Rhucroft,mrhucroft3t@t.co,965-387-2757
139,Janeczka,Inwood,jinwood3u@gnu.org,351-431-9469
140,Aluino,Rolse,arolse3v@newyorker.com,819-682-8415
141,Niven,Fulloway,nfulloway3w@home.pl,417-278-0367
142,Allison,McCumesky,amccumesky3x@multiply.com,174-252-5333
143,Leland,Tydd,ltydd3y@businessinsider.com,322-384-9480
144,Benny,Malinson,bmalinson3z@t-online.de,494-474-9859
145,Milty,Churms,mchurms40@washingtonpost.com,728-660-1000
146,Doy,Attenborough,dattenborough41@msn.com,207-432-3368
147,Aloin,Rusted,arusted42@pcworld.com,843-322-0138
148,Sheela,Duchart,sduchart43@businessinsider.com,720-228-6755
149,Bess,Verry,bverry44@tripod.com,198-954-9081
150,Ami,Sandbrook,asandbrook45@eventbrite.com,357-356-8395
151,Cindelyn,Rembaud,crembaud46@icio.us,968-495-1174
152,Ichabod,Monger,imonger47@fda.gov,808-821-3536
153,Wolf,Stivers,wstivers48@arizona.edu,405-599-5650
154,Simone,De Ferraris,sdeferraris49@sakura.ne.jp,568-828-2875
155,Joelle,Petyankin,jpetyankin4a@vinaora.com,765-747-4852
156,Marysa,Rosettini,mrosettini4b@altervista.org,888-512-8051
157,Ty,Hundall,thundall4c@storify.com,300-939-0385
158,Templeton,Batman,tbatman4d@unesco.org,413-296-7917
159,Mario,Storch,mstorch4e@archive.org,126-677-6093
160,Archibaldo,Wardesworth,awardesworth4f@upenn.edu,691-298-3249
161,Gloriane,Eckersall,geckersall4g@sohu.com,532-878-6090
162,Shurlocke,Allcoat,sallcoat4h@soup.io,575-125-8183
163,Gray,McArley,gmcarley4i@plala.or.jp,693-342-1095
164,Scotty,Isacq,sisacq4j@uol.com.br,843-109-9097
165,Yard,Woodfin,ywoodfin4k@zimbio.com,199-177-9117
166,Ellynn,Girardet,egirardet4l@google.ca,179-943-3233
167,Lennie,Mallabar,lmallabar4m@princeton.edu,399-279-2159
168,Constancy,Haigh,chaigh4n@hugedomains.com,633-627-9776
169,Reggy,Sainsberry,rsainsberry4o@mtv.com,410-216-3769
170,Kelvin,Mealand,kmealand4p@issuu.com,676-368-5932
171,Germain,Piner,gpiner4q@chicagotribune.com,532-557-5186
172,Lanna,Kliment,lkliment4r@reverbnation.com,243-728-1977
173,Roxi,Ambrogioli,rambrogioli4s@dailymail.co.uk,519-421-8727
174,Danya,Hawes,dhawes4t@soundcloud.com,817-434-0574
175,Maribelle,Probart,mprobart4u@163.com,622-370-5393
176,Ugo,Hickenbottom,uhickenbottom4v@columbia.edu,245-114-7160
177,Ulrikaumeko,Falkner,ufalkner4w@senate.gov,660-466-1790
178,Pernell,Bowskill,pbowskill4x@ustream.tv,402-918-0331
179,Amos,Perfect,aperfect4y@thetimes.co.uk,513-160-8097
180,Malvina,Gascoigne,mgascoigne4z@com.com,779-807-5519
181,Hollie,Afield,hafield50@instagram.com,338-273-2242
182,Quintus,Tournay,qtournay51@oracle.com,428-912-7416
183,Des,Sorrell,dsorrell52@amazon.de,864-934-0161
184,Arin,Tomaino,atomaino53@npr.org,394-119-7413
185,Bartholomew,Arkcoll,barkcoll54@mediafire.com,521-603-4270
186,Miguelita,MacWilliam,mmacwilliam55@hostgator.com,398-588-3573
187,Katha,Alflat,kalflat56@dagondesign.com,241-770-4166
188,Janessa,Witheford,jwitheford57@biglobe.ne.jp,312-608-6560
189,Letisha,Joll,ljoll58@state.tx.us,645-571-8862
190,Dahlia,Tradewell,dtradewell59@home.pl,853-657-1116
191,Filippo,Ivetts,fivetts5a@sun.com,360-543-2050
192,Troy,Such,tsuch5b@weibo.com,125-934-9694
193,De witt,Fergie,dfergie5c@desdev.cn,752-137-8212
194,Michel,Meuse,mmeuse5d@twitter.com,456-703-5123
195,Gabbie,Hawick,ghawick5e@ycombinator.com,516-754-3855
196,Ronalda,Simkovitz,rsimkovitz5f@msu.edu,702-445-6367
197,Tandi,Trehearne,ttrehearne5g@tamu.edu,242-550-9923
198,Joelynn,Stonehewer,jstonehewer5h@tinypic.com,649-755-3664
199,Ambrosius,Panketh,apanketh5i@dell.com,178-398-9629
200,Ashley,Pitchford,apitchford5j@tumblr.com,923-593-7173
201,Dewey,Marquess,dmarquess5k@scientificamerican.com,211-287-7922
202,Yale,McGeouch,ymcgeouch5l@hubpages.com,150-814-1039
203,Chaddie,Stenners,cstenners5m@nationalgeographic.com,791-882-0180
204,Tadeas,Grahl,tgrahl5n@pagesperso-orange.fr,568-705-5465
205,Karney,Chedgey,kchedgey5o@exblog.jp,960-749-5293
206,Ingaborg,Hanscom,ihanscom5p@blog.com,299-539-7084
207,Batsheva,Pestor,bpestor5q@alexa.com,625-227-2508
208,Mano,Prebble,mprebble5r@google.com.br,699-576-6578
209,Marthena,Parmley,mparmley5s@china.com.cn,291-350-6650
210,Dominic,Escreet,descreet5t@dropbox.com,861-414-3882
211,Garth,Biset,gbiset5u@oakley.com,579-947-1228
212,Gianni,Callinan,gcallinan5v@cnet.com,922-888-0257
213,Orelle,Phizackarley,ophizackarley5w@addthis.com,700-283-9161
214,Shirley,Phippen,sphippen5x@yale.edu,953-784-1491
215,Jarvis,Leman,jleman5y@bigcartel.com,237-533-5451
216,Jaymie,Fouracres,jfouracres5z@cnn.com,123-460-9543
217,Maisie,MacKeever,mmackeever60@ezinearticles.com,168-506-9707
218,Erhard,Pigden,epigden61@webeden.co.uk,867-981-1183
219,Tully,Athelstan,tathelstan62@indiatimes.com,550-191-6755
220,Tirrell,Moffet,tmoffet63@naver.com,832-158-5722
221,Cinderella,Blenkinsopp,cblenkinsopp64@bandcamp.com,784-487-6219
222,Barnebas,Vale,bvale65@wikimedia.org,910-992-5202
223,Selia,Janko,sjanko66@rediff.com,621-483-0170
224,Davon,King,dking67@paginegialle.it,578-888-1107
225,Bing,Brastead,bbrastead68@qq.com,771-689-5374
226,Allys,Spillman,aspillman69@hugedomains.com,847-697-0447
227,Bogey,Davidovici,bdavidovici6a@newsvine.com,814-991-4376
228,Dulcia,Bohlin,dbohlin6b@over-blog.com,518-414-0904
229,Bernadene,Gerger,bgerger6c@answers.com,786-378-1303
230,Carissa,Jina,cjina6d@unc.edu,982-561-2859
231,Robert,Ingry,ringry6e@newyorker.com,219-189-7066
232,Mervin,Mitchenson,mmitchenson6f@google.nl,873-618-4055
233,Vinita,Goves,vgoves6g@hexun.com,863-910-5086
234,Lukas,Astupenas,lastupenas6h@biglobe.ne.jp,881-746-5396
235,Jules,Rickarsey,jrickarsey6i@loc.gov,964-721-4364
236,Bertrando,Rioch,brioch6j@yellowpages.com,544-830-4474
237,Fidel,Chidley,fchidley6k@google.it,551-940-5982
238,Veronique,Jahn,vjahn6l@qq.com,836-249-1864
239,Marisa,Baird,mbaird6m@rambler.ru,374-943-0215
240,Gaspar,Woolacott,gwoolacott6n@cpanel.net,590-265-5480
241,Brinn,Bodill,bbodill6o@meetup.com,279-552-5887
242,Nerta,Pendell,npendell6p@mac.com,871-344-3646
243,Tess,Solan,tsolan6q@paypal.com,299-755-1053
244,Cad,Basillon,cbasillon6r@quantcast.com,123-770-7138
245,Jermain,Gogay,jgogay6s@godaddy.com,599-482-9458
246,Alonzo,Ganiford,aganiford6t@discuz.net,388-803-4589
247,Chevalier,Colwill,ccolwill6u@blogspot.com,218-810-4142
248,Evered,MacGauhy,emacgauhy6v@51.la,141-804-9430
249,Belita,Drewe,bdrewe6w@taobao.com,685-777-3221
250,Holly,Butland,hbutland6x@instagram.com,250-202-7341
251,Miranda,Norwell,mnorwell6y@blogspot.com,505-314-6620
252,Riva,Mothersdale,rmothersdale6z@mtv.com,166-374-2462
253,Aura,McDonogh,amcdonogh70@ucoz.com,117-962-5716
254,Brigg,Chipman,bchipman71@cnbc.com,528-319-4970
255,Aharon,MacGorley,amacgorley72@shutterfly.com,223-856-0938
256,Tudor,Pods,tpods73@g.co,163-339-8380
257,Miof mela,Voysey,mvoysey74@msu.edu,892-969-9560
258,Kenyon,Izat,kizat75@mayoclinic.com,109-665-5162
259,Pia,Shanley,pshanley76@ucsd.edu,228-900-2401
260,Bryn,Sparry,bsparry77@last.fm,525-443-6115
261,Cherianne,Yakovl,cyakovl78@miibeian.gov.cn,208-888-0287
262,Jammal,Brighty,jbrighty79@webeden.co.uk,481-455-8026
263,Davis,Hully,dhully7a@youku.com,641-792-0284
264,Beverlie,Scouse,bscouse7b@disqus.com,212-914-7029
265,Boony,Vuittet,bvuittet7c@paypal.com,572-616-5238
266,Pia,Baldocci,pbaldocci7d@google.com.br,338-977-5962
267,Zebulen,Effemy,zeffemy7e@a8.net,819-961-6502
268,Traci,Lawland,tlawland7f@sbwire.com,967-807-2173
269,Yves,Slott,yslott7g@cdbaby.com,581-833-5659
270,Otha,Burgoyne,oburgoyne7h@liveinternet.ru,463-700-1749
271,Elsi,Radolf,eradolf7i@aol.com,280-986-9226
272,Nealy,Litt,nlitt7j@t.co,316-827-5360
273,Cayla,Trigg,ctrigg7k@hibu.com,937-578-6485
274,Mitchael,Jarvis,mjarvis7l@unicef.org,943-167-5297
275,Somerset,Solloway,ssolloway7m@sfgate.com,984-611-6808
276,Prue,Piggrem,ppiggrem7n@ucsd.edu,474-487-0144
277,Octavius,Swatland,oswatland7o@newyorker.com,465-241-1210
278,Carlynne,Petracco,cpetracco7p@springer.com,261-836-7238
279,Collen,MacCosty,cmaccosty7q@europa.eu,988-225-5560
280,Vickie,Tamblyn,vtamblyn7r@blogs.com,693-376-4591
281,Nils,Talby,ntalby7s@merriam-webster.com,443-969-8811
282,Lory,Cansdill,lcansdill7t@cnet.com,498-369-5529
283,Gae,Moughton,gmoughton7u@behance.net,578-654-2718
284,Olivier,Theunissen,otheunissen7v@aol.com,819-199-8119
285,Celine,Novotni,cnovotni7w@addthis.com,366-350-7984
286,Maryjo,Brigdale,mbrigdale7x@themeforest.net,439-346-4663
287,Sydel,Helsdon,shelsdon7y@amazon.com,200-795-3085
288,Alejoa,Willwood,awillwood7z@wunderground.com,587-756-5658
289,Ricki,Montel,rmontel80@va.gov,115-913-7574
290,Lin,Mackie,lmackie81@marketwatch.com,921-435-5819
291,Ozzy,Neesham,oneesham82@nasa.gov,789-221-3145
292,Waly,Francomb,wfrancomb83@instagram.com,851-469-2920
293,Scotty,Arnholz,sarnholz84@earthlink.net,243-678-0994
294,Jakie,Knappe,jknappe85@360.cn,753-426-0218
295,Helenelizabeth,McMychem,hmcmychem86@constantcontact.com,607-460-0383
296,Sigfrid,Vanichkov,svanichkov87@example.com,461-809-7280
297,Nickolai,McMyler,nmcmyler88@google.cn,260-677-9388
298,Urban,Jira,ujira89@kickstarter.com,828-726-4887
299,Christy,Archer,carcher8a@thetimes.co.uk,441-762-2986
300,Carmina,Trill,ctrill8b@themeforest.net,644-151-3080
301,Alphard,Hartopp,ahartopp8c@edublogs.org,980-229-0874
302,Natasha,Pieters,npieters8d@fotki.com,546-836-6524
303,Udale,Yearnes,uyearnes8e@mapy.cz,273-443-8009
304,Cristobal,Childes,cchildes8f@nsw.gov.au,715-416-1545
305,Gerry,Smoote,gsmoote8g@auda.org.au,652-793-9888
306,Nannette,Kinahan,nkinahan8h@vimeo.com,546-320-8929
307,Lion,Walcar,lwalcar8i@t-online.de,850-376-9427
308,Gardener,Blondelle,gblondelle8j@furl.net,402-338-9656
309,Carmina,Blacklawe,cblacklawe8k@ifeng.com,499-262-0140
310,Christen,Birckmann,cbirckmann8l@vk.com,726-923-0968
311,Shelley,Fitton,sfitton8m@reddit.com,850-198-8078
312,Guenna,Pickworth,gpickworth8n@jimdo.com,880-646-5443
313,Benson,Abdey,babdey8o@sphinn.com,392-889-7226
314,Julienne,Arnolds,jarnolds8p@privacy.gov.au,846-307-1328
315,Barny,Casina,bcasina8q@gmpg.org,518-480-4315
316,Arni,Simpkin,asimpkin8r@tumblr.com,150-619-1022
317,Marven,Dearlove,mdearlove8s@infoseek.co.jp,809-951-7340
318,Barrie,Banbury,bbanbury8t@joomla.org,850-937-3505
319,Wynny,Singyard,wsingyard8u@vimeo.com,745-129-0992
320,Jillene,Punshon,jpunshon8v@squarespace.com,157-331-1322
321,Madge,Kinahan,mkinahan8w@squidoo.com,183-534-2861
322,Eugen,Bullier,ebullier8x@sina.com.cn,613-844-2127
323,Evelyn,Brigdale,ebrigdale8y@prweb.com,284-385-8058
324,Karlens,Pitrollo,kpitrollo8z@illinois.edu,692-920-2978
325,Melesa,Blabie,mblabie90@berkeley.edu,758-491-2108
326,Farrah,Stockport,fstockport91@nba.com,485-868-5710
327,Averyl,Spowart,aspowart92@livejournal.com,163-528-6413
328,Vaughan,Pottell,vpottell93@diigo.com,918-847-9385
329,Mart,Bloy,mbloy94@webeden.co.uk,989-717-2635
330,Bryan,Ingliss,bingliss95@privacy.gov.au,743-641-5154
331,Emmerich,Yushmanov,eyushmanov96@blog.com,257-811-8571
332,Tobias,Jewise,tjewise97@cdc.gov,214-519-4922
333,Murdock,Partleton,mpartleton98@purevolume.com,594-940-6911
334,Benedetta,Aggio,baggio99@pinterest.com,948-243-3598
335,Bertine,Probin,bprobin9a@techcrunch.com,206-874-3550
336,Dalia,Biasio,dbiasio9b@ihg.com,317-375-3460
337,Lind,Roelofs,lroelofs9c@stanford.edu,607-850-5133
338,Farrah,Keward,fkeward9d@independent.co.uk,169-907-9443
339,Wallace,Collison,wcollison9e@squidoo.com,376-781-1997
340,Yardley,Couchman,ycouchman9f@phoca.cz,225-374-6954
341,Jess,Queen,jqueen9g@soundcloud.com,536-633-8396
342,Aldrich,Dallimare,adallimare9h@t.co,818-464-1800
343,Findlay,Cosbey,fcosbey9i@chicagotribune.com,790-489-9972
344,Marley,Puvia,mpuvia9j@behance.net,445-541-2090
345,Mathew,Nansom,mnansom9k@sun.com,480-105-3652
346,Jacenta,Ledley,jledley9l@cpanel.net,998-852-4140
347,Louisette,Dunbavin,ldunbavin9m@istockphoto.com,357-179-9885
348,Gib,Van Halle,gvanhalle9n@google.co.uk,604-646-7728
349,Marlo,Clawsley,mclawsley9o@soup.io,388-304-3744
350,Toddy,Mellmer,tmellmer9p@imgur.com,278-461-1946
351,Maribel,Hoodspeth,mhoodspeth9q@disqus.com,381-781-2174
352,Chaunce,Filinkov,cfilinkov9r@alibaba.com,278-970-4284
353,Claudie,Biesterfeld,cbiesterfeld9s@biglobe.ne.jp,989-443-1480
354,Glenna,Rowsel,growsel9t@lulu.com,669-715-6120
355,Coralyn,Baylay,cbaylay9u@acquirethisname.com,913-485-9867
356,Gaven,Pickton,gpickton9v@cloudflare.com,179-995-1868
357,Arron,Danielli,adanielli9w@wikipedia.org,794-494-9972
358,Beck,Elmhurst,belmhurst9x@netlog.com,484-950-4177
359,Melina,Shephard,mshephard9y@altervista.org,352-590-2042
360,Elsinore,McKissack,emckissack9z@answers.com,236-609-7129
361,Marika,Lowdham,mlowdhama0@liveinternet.ru,562-867-9121
362,Leanor,Braikenridge,lbraikenridgea1@edublogs.org,398-640-1157
363,Alis,Syseland,asyselanda2@bloomberg.com,230-223-3221
364,Marys,Beale,mbealea3@gmpg.org,672-540-4244
365,Stephannie,Klimkovich,sklimkovicha4@princeton.edu,407-711-2909
366,Dolph,Du Fray,ddufraya5@cmu.edu,776-384-5081
367,Thelma,MacGraith,tmacgraitha6@symantec.com,753-947-6533
368,Jobi,Bestar,jbestara7@home.pl,941-768-8557
369,Nikkie,Elphinston,nelphinstona8@si.edu,887-681-7883
370,Emelia,Doe,edoea9@sciencedaily.com,649-769-5721
371,Camille,Grieves,cgrievesaa@desdev.cn,879-558-7275
372,Mindy,Hawksworth,mhawksworthab@wunderground.com,241-287-3759
373,Marcellina,Rhys,mrhysac@qq.com,319-591-3866
374,Lynne,Godbert,lgodbertad@51.la,270-448-1609
375,Marti,Barrs,mbarrsae@oaic.gov.au,322-668-6600
376,Normie,Warters,nwartersaf@flavors.me,734-854-5924
377,Min,Dayley,mdayleyag@blogtalkradio.com,641-458-4352
378,Mahmoud,Shilito,mshilitoah@fc2.com,125-588-0628
379,Chryste,Maase,cmaaseai@google.de,671-637-3971
380,Willem,Sebyer,wsebyeraj@slideshare.net,363-317-4626
381,Leland,Crowcombe,lcrowcombeak@va.gov,566-324-0932
382,Tymon,Craggs,tcraggsal@oracle.com,699-888-7631
383,Benetta,Callister,bcallisteram@irs.gov,761-492-8871
384,Palmer,Dennerly,pdennerlyan@mtv.com,253-144-0535
385,Alana,Brosnan,abrosnanao@jimdo.com,418-611-7385
386,Rea,Lavell,rlavellap@a8.net,931-860-6439
387,Alida,Ockleshaw,aockleshawaq@japanpost.jp,147-254-8730
388,Peter,McChesney,pmcchesneyar@networksolutions.com,150-483-0641
389,Nisse,Blankett,nblankettas@amazon.de,375-366-6928
390,Bessy,Tice,bticeat@auda.org.au,188-226-6572
391,Reilly,Bartosinski,rbartosinskiau@ucsd.edu,782-922-9621
392,Ilise,Carletti,icarlettiav@yellowbook.com,832-147-7415
393,Perice,Phillis,pphillisaw@goo.ne.jp,763-770-2758
394,Butch,Forten,bfortenax@deviantart.com,146-678-7602
395,Ky,Gettings,kgettingsay@mozilla.org,251-772-1675
396,Barnabas,Mahomet,bmahometaz@gravatar.com,612-957-0381
397,Cary,Crinage,ccrinageb0@last.fm,730-806-1150
398,Ashley,Foale,afoaleb1@businessweek.com,906-840-3533
399,Tuckie,Hammerson,thammersonb2@flickr.com,683-875-7513
400,Eduardo,Halloway,ehallowayb3@storify.com,577-577-6199
401,Tori,Darque,tdarqueb4@51.la,591-805-7931
402,Anallise,Schuelcke,aschuelckeb5@last.fm,463-503-3507
403,Tania,Bernardoni,tbernardonib6@umich.edu,713-813-5088
404,Maure,Pattington,mpattingtonb7@noaa.gov,536-809-7471
405,Grant,Hanner,ghannerb8@ucoz.ru,867-894-3092
406,Aleen,Keig,akeigb9@fda.gov,358-695-1754
407,Trey,Paoli,tpaoliba@amazon.de,884-270-9246
408,Normie,Able,nablebb@tuttocitta.it,364-591-1922
409,Curcio,Gladwish,cgladwishbc@imgur.com,649-833-9443
410,Rhonda,Ledward,rledwardbd@earthlink.net,555-973-2768
411,Ida,Scaice,iscaicebe@twitter.com,977-519-1500
412,Sly,Boyson,sboysonbf@businesswire.com,742-433-2837
413,Nikolaus,Olsson,nolssonbg@stumbleupon.com,360-405-7550
414,Terri,Dingley,tdingleybh@admin.ch,139-741-9770
415,Irwinn,Duigan,iduiganbi@nih.gov,554-882-3024
416,Rees,Rydzynski,rrydzynskibj@mtv.com,578-978-6978
417,Algernon,Brecknell,abrecknellbk@japanpost.jp,910-838-9286
418,Afton,Silverlock,asilverlockbl@hubpages.com,566-129-8268
419,Mendel,Manwell,mmanwellbm@jigsy.com,778-206-0051
420,Nonah,Greenwood,ngreenwoodbn@ibm.com,135-664-9816
421,Dollie,Kroin,dkroinbo@chron.com,778-108-9219
422,Caro,Wallhead,cwallheadbp@twitter.com,568-805-3659
423,Minne,Cheek,mcheekbq@examiner.com,148-117-4591
424,Pavlov,Pigne,ppignebr@eventbrite.com,850-788-8079
425,Esra,Stent,estentbs@multiply.com,500-500-5183
426,Isadora,Quincey,iquinceybt@paypal.com,312-282-1194
427,Vivienne,Tucknott,vtucknottbu@twitpic.com,525-393-6466
428,Lazaro,Allden,lalldenbv@smh.com.au,635-739-9199
429,Herta,Witham,hwithambw@trellian.com,873-683-0264
430,Harri,Phelan,hphelanbx@addtoany.com,887-178-3641
431,Merill,Waterson,mwatersonby@wufoo.com,306-406-8859
432,Micheal,Wansbury,mwansburybz@prweb.com,773-682-9358
433,Corri,Gurnee,cgurneec0@com.com,710-427-2156
434,Ilyssa,Bromont,ibromontc1@163.com,613-963-7322
435,Vlad,Wiggall,vwiggallc2@yellowpages.com,889-612-5494
436,Bryn,Wilse,bwilsec3@about.com,858-697-3465
437,Jackie,Rudeyeard,jrudeyeardc4@diigo.com,650-393-5134
438,Kathrine,Casone,kcasonec5@prlog.org,764-647-8378
439,Natalina,Ropp,nroppc6@list-manage.com,780-970-5387
440,Cello,Kingsly,ckingslyc7@cdc.gov,511-521-1562
441,Homer,Deeman,hdeemanc8@google.com.hk,327-356-0347
442,Sheba,Philliphs,sphilliphsc9@bravesites.com,419-263-5578
443,Darelle,Kienlein,dkienleinca@shop-pro.jp,914-428-7669
444,Juanita,Sahnow,jsahnowcb@soup.io,705-793-2311
445,Mina,Sargeaunt,msargeauntcc@who.int,736-830-2445
446,Ahmad,Lejeune,alejeunecd@opensource.org,645-259-9033
447,Orelle,Sidnell,osidnellce@home.pl,548-989-4215
448,Anette,Boast,aboastcf@jigsy.com,220-367-6973
449,Saraann,Lenchenko,slenchenkocg@marriott.com,625-352-9934
450,Wit,Elmore,welmorech@about.me,464-793-1536
451,Kali,Elner,kelnerci@behance.net,426-329-6501
452,Willabella,Matuszak,wmatuszakcj@domainmarket.com,246-721-5867
453,Vitoria,Grunwall,vgrunwallck@rediff.com,830-458-4980
454,Lars,Petrussi,lpetrussicl@nytimes.com,205-634-8959
455,Julita,Thomson,jthomsoncm@nhs.uk,934-454-9365
456,Floris,Wordsley,fwordsleycn@bloglines.com,237-505-6535
457,Stephen,Feldhammer,sfeldhammerco@npr.org,307-350-1720
458,Boris,Condy,bcondycp@newyorker.com,312-531-0705
459,Byrle,Sextone,bsextonecq@tmall.com,515-834-6829
460,Pippy,Dorow,pdorowcr@mit.edu,620-269-5867
461,Elenore,Stove,estovecs@skyrock.com,178-494-4134
462,Alessandro,Theriot,atheriotct@yellowpages.com,314-960-2181
463,Delbert,Goldthorp,dgoldthorpcu@adobe.com,384-544-5524
464,Roxie,Hucker,rhuckercv@mayoclinic.com,144-632-7969
465,Marcelle,Gascoyne,mgascoynecw@t.co,502-952-7615
466,Darya,Ainslee,dainsleecx@goodreads.com,821-910-6137
467,Fonsie,Dearlove,fdearlovecy@imgur.com,651-783-6885
468,Harman,Slocom,hslocomcz@a8.net,368-419-5725
469,Ethelyn,Nutbrown,enutbrownd0@ask.com,914-296-7900
470,Bjorn,Worden,bwordend1@archive.org,736-569-4482
471,Barb,Rutherford,brutherfordd2@mac.com,815-339-8857
472,Row,Barlass,rbarlassd3@digg.com,729-172-6098
473,Art,Walne,awalned4@1und1.de,810-507-9231
474,Cornela,Toffanelli,ctoffanellid5@uiuc.edu,203-349-0610
475,Augustin,Constable,aconstabled6@g.co,918-654-6676
476,Leanna,Stetlye,lstetlyed7@mayoclinic.com,491-725-3768
477,Grier,Boylund,gboylundd8@dailymotion.com,226-541-7801
478,Sibella,Selbie,sselbied9@fda.gov,214-965-9532
479,Wallas,Bidwell,wbidwellda@uol.com.br,637-708-2207
480,Ive,Wortt,iworttdb@discovery.com,872-897-5290
481,Boony,Quesne,bquesnedc@engadget.com,317-784-6800
482,Skipp,Lerwill,slerwilldd@cbslocal.com,511-727-2796
483,Ediva,Lethby,elethbyde@list-manage.com,338-569-8479
484,Riannon,Prettyman,rprettymandf@lulu.com,621-477-7939
485,Dominga,Theml,dthemldg@hostgator.com,482-348-7117
486,Michaelina,Dougharty,mdoughartydh@pen.io,510-558-6494
487,Tallulah,De Ambrosi,tdeambrosidi@altervista.org,929-900-0281
488,Delora,Schermick,dschermickdj@accuweather.com,797-986-2983
489,Dorice,Aizkovitch,daizkovitchdk@dagondesign.com,552-321-8058
490,Aleksandr,Coggon,acoggondl@cnbc.com,537-417-4052
491,Nolie,O'Day,nodaydm@amazonaws.com,907-430-2151
492,Aguie,Bandiera,abandieradn@microsoft.com,978-838-6280
493,Andriette,Dilley,adilleydo@spotify.com,683-976-5687
494,Karol,O'Garmen,kogarmendp@shareasale.com,420-417-9479
495,Ricoriki,Clackson,rclacksondq@wordpress.org,591-811-8240
496,Elmore,Weathey,eweatheydr@istockphoto.com,635-627-8639
497,Florance,Kybert,fkybertds@barnesandnoble.com,315-408-5942
498,Phil,Conre,pconredt@php.net,317-177-5416
499,Marcile,Butten,mbuttendu@blogspot.com,396-948-1303
500,Phylys,Rojas,projasdv@livejournal.com,393-962-1282
501,Guthrey,Pitford,gpitforddw@discovery.com,438-253-4532
502,Dinah,Calabry,dcalabrydx@tmall.com,596-109-1561
503,Malynda,Westraw,mwestrawdy@vkontakte.ru,913-617-3583
504,Elise,Pardon,epardondz@sciencedaily.com,638-195-5859
505,Nicolina,Rochford,nrochforde0@bloomberg.com,194-462-7787
506,Randi,Eydel,reydele1@boston.com,340-658-4871
507,Mitchell,Weaben,mweabene2@webs.com,125-658-7481
508,Ashton,Doll,adolle3@timesonline.co.uk,879-260-3704
509,Consuela,Callendar,ccallendare4@cpanel.net,273-328-4534
510,Wainwright,Bonin,wbonine5@wiley.com,314-924-8190
511,Brunhilde,Beebee,bbeebeee6@google.co.jp,798-355-8672
512,Marty,Hambelton,mhambeltone7@timesonline.co.uk,336-747-6705
513,Leann,Ruffler,lrufflere8@indiegogo.com,582-557-9238
514,Corene,Dimitriev,cdimitrieve9@google.cn,736-965-5153
515,Kennett,Glaze,kglazeea@privacy.gov.au,296-888-4624
516,Teddy,McKinnon,tmckinnoneb@hostgator.com,616-258-2490
517,Ferrel,Studd,fstuddec@a8.net,405-266-1084
518,Carlie,Manchett,cmanchetted@timesonline.co.uk,218-991-4981
519,Katina,Vasilov,kvasilovee@home.pl,632-527-2909
520,Sandra,McDonough,smcdonoughef@wix.com,702-313-4188
521,Rhea,Ruby,rrubyeg@diigo.com,258-221-3132
522,Candra,Chaffe,cchaffeeh@surveymonkey.com,353-586-9324
523,Teodora,Shepley,tshepleyei@abc.net.au,254-582-8407
524,Shelba,Wreakes,swreakesej@answers.com,719-918-7898
525,Garth,Waltering,gwalteringek@tuttocitta.it,800-307-8926
526,Edgar,Truelock,etruelockel@flickr.com,964-645-3415
527,Carlye,Panchin,cpanchinem@simplemachines.org,513-961-9674
528,Beryl,Wildman,bwildmanen@bbb.org,235-792-2046
529,Merridie,Shermar,mshermareo@soup.io,285-925-9134
530,Kane,Purvis,kpurvisep@craigslist.org,499-494-5535
531,Krishnah,Duberry,kduberryeq@nydailynews.com,277-238-6730
532,Danny,Spear,dspearer@xrea.com,603-117-6489
533,Paul,Walesby,pwalesbyes@issuu.com,157-725-9982
534,Clayson,Grzesiak,cgrzesiaket@themeforest.net,912-670-5136
535,Terrance,Fardy,tfardyeu@multiply.com,647-934-6979
536,Constantino,Clemonts,cclemontsev@auda.org.au,637-717-7927
537,Maribelle,Merrell,mmerrellew@webeden.co.uk,452-915-6774
538,Ingar,Marney,imarneyex@fotki.com,692-561-6943
539,Miguelita,Waddie,mwaddieey@linkedin.com,860-133-3454
540,Amandy,Huard,ahuardez@rediff.com,748-710-0309
541,Uriah,Edgar,uedgarf0@bizjournals.com,603-947-2631
542,Kendell,Burner,kburnerf1@edublogs.org,700-670-2686
543,Lynda,Gallacher,lgallacherf2@gizmodo.com,246-260-7582
544,Benedict,Hunnisett,bhunnisettf3@indiegogo.com,687-297-3954
545,Chandra,Amthor,camthorf4@army.mil,103-463-5141
546,Alvera,Thyng,athyngf5@reuters.com,381-820-2924
547,Drud,Devonshire,ddevonshiref6@reddit.com,287-517-2579
548,Lane,Castiglioni,lcastiglionif7@tmall.com,530-582-5100
549,Stevy,Vlasenkov,svlasenkovf8@theglobeandmail.com,657-840-0624
550,Obed,Thomazet,othomazetf9@alibaba.com,342-251-0712
551,Birgit,Polding,bpoldingfa@blogs.com,847-356-2309
552,Cherida,Stirzaker,cstirzakerfb@g.co,723-665-7968
553,Lavina,Broomfield,lbroomfieldfc@ed.gov,809-947-4247
554,Yoshiko,Mowsdale,ymowsdalefd@sakura.ne.jp,716-244-7335
555,Sophi,Ninotti,sninottife@exblog.jp,626-400-3528
556,Kristien,Skyrm,kskyrmff@amazon.co.jp,426-564-5422
557,Lanette,Penrose,lpenrosefg@arizona.edu,703-981-8574
558,Leora,Gini,lginifh@msu.edu,747-208-2197
559,Walliw,McVicar,wmcvicarfi@shinystat.com,570-388-0239
560,Palm,Low,plowfj@adobe.com,134-909-5616
561,Margarete,Formby,mformbyfk@google.de,728-575-2366
562,Mollee,Johl,mjohlfl@devhub.com,593-384-4351
563,Dale,Bettles,dbettlesfm@chron.com,152-175-0015
564,Orelee,Rosenfarb,orosenfarbfn@youku.com,875-705-8921
565,Mile,McCuthais,mmccuthaisfo@amazonaws.com,143-612-8801
566,Carey,Hunnybun,chunnybunfp@google.fr,833-991-1434
567,Judye,O' Borne,jobornefq@facebook.com,972-305-1044
568,Angelle,Windous,awindousfr@state.gov,702-332-1421
569,Lamond,Da Costa,ldacostafs@newyorker.com,122-662-8921
570,Drusi,Covert,dcovertft@discuz.net,414-905-9892
571,Zared,Rayson,zraysonfu@smugmug.com,424-979-7127
572,Reinold,Dwane,rdwanefv@plala.or.jp,395-899-1230
573,Torrence,Worster,tworsterfw@sun.com,320-530-4311
574,Alessandra,Huggin,ahugginfx@ca.gov,712-227-9823
575,Murielle,Muckersie,mmuckersiefy@gizmodo.com,568-959-1058
576,Emelen,Torrans,etorransfz@sitemeter.com,538-992-6948
577,Drake,Coviello,dcoviellog0@rediff.com,676-195-7306
578,Dario,Pointing,dpointingg1@marketwatch.com,850-241-2443
579,Trixy,Dilloway,tdillowayg2@fema.gov,359-869-7688
580,June,Balducci,jbalduccig3@moonfruit.com,513-610-7068
581,Milli,Methven,mmethveng4@opensource.org,755-512-3345
582,Anne-marie,Hailey,ahaileyg5@washington.edu,512-993-0868
583,Binnie,Kalb,bkalbg6@un.org,854-125-9098
584,Willard,Hopkins,whopkinsg7@people.com.cn,518-211-6446
585,Boot,Ovill,bovillg8@ed.gov,277-150-9487
586,Fedora,Treagust,ftreagustg9@gov.uk,202-292-6981
587,Brande,Stanley,bstanleyga@tinypic.com,346-107-6669
588,Joan,Renshall,jrenshallgb@wsj.com,485-263-0518
589,Diego,Luchetti,dluchettigc@dagondesign.com,598-212-3971
590,Jacklin,Pryke,jprykegd@vinaora.com,183-137-4459
591,Eirena,Hallows,ehallowsge@skype.com,348-283-3038
592,Adelice,Mouncher,amounchergf@bravesites.com,708-925-6139
593,Jody,Silvers,jsilversgg@rambler.ru,370-650-4797
594,Josephine,Jimeno,jjimenogh@deviantart.com,680-396-4190
595,Frasco,Betho,fbethogi@yandex.ru,352-354-0618
596,Jinny,Cockren,jcockrengj@craigslist.org,249-917-4946
597,Arley,Chaffer,achaffergk@irs.gov,961-670-3746
598,Bobinette,Grivori,bgrivorigl@t.co,559-485-1939
599,Oliy,McShee,omcsheegm@wix.com,361-311-6671
600,Lissa,MacSween,lmacsweengn@artisteer.com,946-738-6899
601,Ariel,Cheavin,acheavingo@wunderground.com,399-749-5273
602,Clint,Jurczik,cjurczikgp@usda.gov,397-613-7674
603,Andra,Sharrocks,asharrocksgq@google.com.br,654-708-2756
604,Howard,Went,hwentgr@merriam-webster.com,702-592-9527
605,Wynny,O'Corr,wocorrgs@independent.co.uk,154-986-8015
606,Cornelius,Henkens,chenkensgt@go.com,879-510-3420
607,Winston,Jubb,wjubbgu@narod.ru,431-948-1356
608,Lukas,Heinecke,lheineckegv@arstechnica.com,584-554-3464
609,Tori,Worwood,tworwoodgw@gmpg.org,407-215-8361
610,Elsy,Di Bernardo,edibernardogx@squidoo.com,371-846-5465
611,Addy,Jaeggi,ajaeggigy@amazonaws.com,642-234-2692
612,Franky,Marquand,fmarquandgz@twitter.com,124-583-9299
613,Bella,Postle,bpostleh0@jimdo.com,949-823-1012
614,Barnabe,Kitley,bkitleyh1@wikipedia.org,351-585-8726
615,Hilary,Baudins,hbaudinsh2@blinklist.com,860-564-3690
616,Valma,Dobbs,vdobbsh3@shareasale.com,576-997-5001
617,Brandy,Seegar,bseegarh4@chicagotribune.com,728-184-8092
618,Saundra,Uzelli,suzellih5@ycombinator.com,858-652-9711
619,Tedi,Marsham,tmarshamh6@ted.com,603-909-1016
620,Chev,Purveys,cpurveysh7@technorati.com,236-689-8200
621,Lisa,Caunce,lcaunceh8@theatlantic.com,132-645-8049
622,Danita,Marten,dmartenh9@apache.org,153-144-7381
623,Reggie,Gamblin,rgamblinha@icq.com,934-278-7499
624,Dewey,Richardt,drichardthb@google.cn,472-509-9424
625,Rudiger,MacAirt,rmacairthc@studiopress.com,438-725-2298
626,Whitaker,Snowball,wsnowballhd@com.com,120-191-2435
627,Mervin,Corkish,mcorkishhe@is.gd,435-461-0859
628,Essa,Pien,epienhf@miibeian.gov.cn,214-755-4366
629,Tanny,Yurasov,tyurasovhg@paypal.com,510-665-3971
630,Fredrick,Sarney,fsarneyhh@walmart.com,407-618-6050
631,Carlen,Backhouse,cbackhousehi@naver.com,552-576-5658
632,Jaime,Llewelyn,jllewelynhj@friendfeed.com,875-457-2290
633,Kimberlee,Boundey,kboundeyhk@bbc.co.uk,435-525-6960
634,Andrea,Rayworth,arayworthhl@mac.com,405-269-0303
635,Sada,Rubinovici,srubinovicihm@qq.com,235-272-4988
636,Alexina,Schleicher,aschleicherhn@nba.com,398-540-3692
637,Pearle,Colling,pcollingho@bluehost.com,987-211-8225
638,Alida,Howroyd,ahowroydhp@hibu.com,681-456-1100
639,Gena,Firth,gfirthhq@uiuc.edu,722-947-3067
640,Merrill,Filson,mfilsonhr@sfgate.com,250-817-5985
641,Ansel,Cancott,acancotths@oracle.com,653-629-3184
642,Wallace,McOnie,wmconieht@paginegialle.it,965-311-3635
643,Emma,Wimsett,ewimsetthu@smh.com.au,508-584-8606
644,Roldan,Pilipets,rpilipetshv@rambler.ru,889-441-6918
645,Patrice,Fahey,pfaheyhw@theguardian.com,911-204-8673
646,Jemmy,Easthope,jeasthopehx@pcworld.com,886-958-6530
647,Pearce,Carlon,pcarlonhy@mapy.cz,483-222-7731
648,Silvan,Beddow,sbeddowhz@cyberchimps.com,577-897-5348
649,Tedi,Glasman,tglasmani0@baidu.com,602-871-5223
650,Aleta,Almond,aalmondi1@abc.net.au,131-954-0710
651,Brittne,Sellan,bsellani2@lycos.com,389-855-0609
652,Sherrie,Munslow,smunslowi3@histats.com,775-686-0528
653,Terrel,Clyne,tclynei4@tripod.com,799-913-4971
654,Jayne,Limeburner,jlimeburneri5@zdnet.com,541-530-7934
655,Gerti,Spieck,gspiecki6@about.com,256-942-5969
656,Leonie,Reddings,lreddingsi7@shutterfly.com,911-674-3491
657,Eddie,Paolozzi,epaolozzii8@china.com.cn,894-197-7609
658,Cordi,McCallister,cmccallisteri9@1688.com,806-323-3186
659,Brant,Hayto,bhaytoia@wsj.com,803-953-0057
660,Willy,MacCracken,wmaccrackenib@techcrunch.com,722-632-8116
661,Ty,Saffran,tsaffranic@icq.com,215-325-7358
662,Dory,Dufall,ddufallid@yale.edu,156-565-7432
663,Hedvige,Bromfield,hbromfieldie@lulu.com,211-222-1641
664,Nanny,Coppledike,ncoppledikeif@who.int,536-245-4600
665,Rodd,Middleweek,rmiddleweekig@topsy.com,485-841-6736
666,Licha,Alden,laldenih@wix.com,908-821-8726
667,Charley,Wilstead,cwilsteadii@wufoo.com,761-578-1337
668,Barbette,Mordanti,bmordantiij@oakley.com,390-796-6644
669,Sheeree,Aris,sarisik@blogs.com,953-373-1504
670,Jeremias,Soane,jsoaneil@cam.ac.uk,156-180-9246
671,Luciana,McTerry,lmcterryim@webs.com,845-773-6910
672,Marj,Gentzsch,mgentzschin@wsj.com,893-876-5630
673,Rebeca,Matterdace,rmatterdaceio@columbia.edu,852-803-8208
674,Ketty,Camacho,kcamachoip@google.com.au,181-168-8547
675,Paulie,Iacovolo,piacovoloiq@odnoklassniki.ru,441-950-5382
676,Lewie,Harsant,lharsantir@nasa.gov,648-896-7074
677,Jamal,Gunning,jgunningis@lulu.com,542-562-7670
678,Gilles,Broose,gbrooseit@usatoday.com,305-158-4958
679,Juliet,Kettell,jkettelliu@godaddy.com,772-728-5679
680,Jolene,Fann,jfanniv@psu.edu,617-832-0787
681,Merrielle,Raycroft,mraycroftiw@telegraph.co.uk,718-872-8895
682,Antonella,Faulconbridge,afaulconbridgeix@hc360.com,181-954-5344
683,Betta,Headan,bheadaniy@g.co,868-613-9005
684,Cosimo,Lyttle,clyttleiz@ask.com,732-849-4994
685,Kleon,Gladdish,kgladdishj0@histats.com,595-651-3194
686,Wyatt,Espino,wespinoj1@tripod.com,534-904-8271
687,Olav,Edghinn,oedghinnj2@yandex.ru,515-176-4776
688,Hanny,McClunaghan,hmcclunaghanj3@e-recht24.de,560-626-2170
689,Leonardo,Wychard,lwychardj4@gravatar.com,168-886-1267
690,Gordon,Yurocjhin,gyurocjhinj5@squidoo.com,778-331-9383
691,Maynard,Minci,mmincij6@51.la,117-301-7669
692,Neill,Howels,nhowelsj7@goodreads.com,307-632-3479
693,Melissa,Foggarty,mfoggartyj8@wired.com,214-657-6128
694,Demetris,Maymond,dmaymondj9@topsy.com,675-886-1597
695,Cathleen,Stellman,cstellmanja@fda.gov,902-506-5146
696,Jeremie,Crumbie,jcrumbiejb@businesswire.com,534-241-1935
697,Rosene,Weddup,rweddupjc@java.com,561-592-8057
698,Byran,Roome,broomejd@opera.com,794-937-1223
699,Henrieta,Manston,hmanstonje@eventbrite.com,808-984-3324
700,Guy,Oertzen,goertzenjf@illinois.edu,983-978-8949
701,Ken,Stanyan,kstanyanjg@cpanel.net,190-487-8404
702,Ruthi,Endley,rendleyjh@comcast.net,880-836-5439
703,Elonore,Mohring,emohringji@posterous.com,645-941-1961
704,Conrade,Hatchman,chatchmanjj@mlb.com,910-479-2422
705,Claribel,Cockerham,ccockerhamjk@nih.gov,970-902-6302
706,Bengt,Gerb,bgerbjl@odnoklassniki.ru,746-815-6573
707,Annmaria,Eeles,aeelesjm@netscape.com,534-907-9637
708,Emili,Pirson,epirsonjn@reuters.com,508-784-7153
709,Aile,Port,aportjo@techcrunch.com,363-109-7922
710,Cami,Lovel,cloveljp@abc.net.au,934-493-1123
711,Peria,MacCallam,pmaccallamjq@soundcloud.com,285-323-6943
712,Minta,Weatherall,mweatheralljr@liveinternet.ru,198-397-4365
713,Antoine,Capeling,acapelingjs@hp.com,141-267-8682
714,Britteny,Ponte,bpontejt@vkontakte.ru,516-495-3488
715,Findlay,Langan,flanganju@auda.org.au,579-753-2369
716,Lita,Diano,ldianojv@zimbio.com,361-450-5705
717,Shelby,Krates,skratesjw@economist.com,201-294-7208
718,Dulcia,Grabham,dgrabhamjx@netvibes.com,577-543-0708
719,Kristel,Imore,kimorejy@boston.com,320-659-9017
720,Roland,Glynne,rglynnejz@gravatar.com,842-384-1926
721,Corly,Harsent,charsentk0@sfgate.com,163-750-5602
722,Mead,Wass,mwassk1@discuz.net,811-992-7774
723,Clarinda,Whacket,cwhacketk2@google.ca,837-216-4540
724,Edythe,Trevance,etrevancek3@sourceforge.net,919-778-5149
725,Parry,Bungey,pbungeyk4@google.com.hk,683-793-7650
726,Patricia,Rhodes,prhodesk5@nature.com,395-569-8980
727,Kaleena,McGillreich,kmcgillreichk6@aboutads.info,370-579-0681
728,Early,Kirvin,ekirvink7@feedburner.com,430-270-2523
729,Nicolle,Lugsdin,nlugsdink8@dailymotion.com,596-614-4076
730,Kyle,Gavagan,kgavagank9@amazon.de,602-952-4760
731,Julie,Gaiger,jgaigerka@constantcontact.com,984-164-3046
732,Stevie,Wheadon,swheadonkb@bbc.co.uk,214-134-2308
733,Rob,Vasilyevski,rvasilyevskikc@amazon.de,885-266-4994
734,Ardith,Ekell,aekellkd@sfgate.com,767-884-1137
735,Chelsae,Lettson,clettsonke@slashdot.org,200-450-5377
736,Hamilton,Caldicott,hcaldicottkf@wunderground.com,938-499-1131
737,Waly,Eickhoff,weickhoffkg@studiopress.com,609-997-2922
738,Audie,Lening,aleningkh@globo.com,748-304-1239
739,Antonina,O'Hegertie,aohegertieki@forbes.com,973-797-8362
740,Yule,O'Glassane,yoglassanekj@sbwire.com,360-834-6575
741,Dilly,Bowkley,dbowkleykk@si.edu,936-354-9642
742,Elenore,Pace,epacekl@illinois.edu,823-250-6950
743,Nelia,Joney,njoneykm@geocities.jp,184-816-0916
744,Luis,Hearthfield,lhearthfieldkn@foxnews.com,937-254-5408
745,Jareb,Caplan,jcaplanko@webnode.com,772-823-6876
746,Peggi,Antrack,pantrackkp@nydailynews.com,639-754-7075
747,Consalve,Taggert,ctaggertkq@squarespace.com,999-802-2744
748,Esta,Alexandrescu,ealexandrescukr@cbslocal.com,220-460-0122
749,Evanne,Jerger,ejergerks@google.fr,925-638-4321
750,Chrisse,Foakes,cfoakeskt@redcross.org,381-743-7505
751,Maxy,Hundal,mhundalku@smugmug.com,708-909-1935
752,Nathanil,Seear,nseearkv@about.com,209-251-4067
753,Madel,Hehir,mhehirkw@rambler.ru,340-116-7969
754,Gale,Methingam,gmethingamkx@house.gov,927-591-7667
755,Arabele,Hardstaff,ahardstaffky@yahoo.com,943-127-9336
756,Malcolm,Castletine,mcastletinekz@myspace.com,157-438-2221
757,Elvyn,MacArte,emacartel0@addthis.com,190-479-0389
758,Margeaux,Gentil,mgentill1@vinaora.com,603-210-2326
759,Elisabetta,Cantrill,ecantrilll2@ning.com,703-566-1305
760,Katherine,Potier,kpotierl3@biblegateway.com,375-725-4475
761,Lynett,Simondson,lsimondsonl4@walmart.com,586-770-4126
762,Shay,Kenelin,skenelinl5@hubpages.com,758-791-8867
763,Lavena,Ridwood,lridwoodl6@yolasite.com,276-837-9916
764,Ferdinande,Chrichton,fchrichtonl7@wikimedia.org,770-573-9425
765,Mag,Brosio,mbrosiol8@webeden.co.uk,579-348-8189
766,Jourdain,Barbrick,jbarbrickl9@wordpress.org,700-159-7785
767,Noell,Collison,ncollisonla@yahoo.com,713-840-8843
768,Samantha,Buchan,sbuchanlb@163.com,398-486-0037
769,Luce,Habert,lhabertlc@whitehouse.gov,432-674-9726
770,Joice,Lapthorn,jlapthornld@wikia.com,129-600-4339
771,Sharl,Jako,sjakole@tinyurl.com,345-890-4397
772,Holly-anne,Pennyman,hpennymanlf@dmoz.org,277-367-5976
773,Michale,Chown,mchownlg@pcworld.com,592-689-0566
774,Shae,Gilhooley,sgilhooleylh@guardian.co.uk,695-907-0808
775,Daune,Govern,dgovernli@altervista.org,781-878-8145
776,Trude,Kissick,tkissicklj@twitter.com,225-228-4704
777,Jessalin,Christoffels,jchristoffelslk@about.com,128-818-8542
778,Helsa,Chippindale,hchippindalell@oracle.com,572-637-1782
779,Alina,Turmall,aturmalllm@list-manage.com,585-661-7092
780,Calida,Edgson,cedgsonln@wufoo.com,822-923-1172
781,Denys,Horrigan,dhorriganlo@uiuc.edu,590-909-5337
782,Claybourne,Nisius,cnisiuslp@google.it,772-921-8051
783,Sarette,Lusted,slustedlq@yellowbook.com,887-325-8188
784,Homere,Zarb,hzarblr@mozilla.org,850-154-0506
785,Adey,Matula,amatulals@hubpages.com,460-451-4925
786,Dorry,Kemmett,dkemmettlt@comsenz.com,561-885-8839
787,Olympe,Gallifont,ogallifontlu@furl.net,242-807-3005
788,Demetris,Skillett,dskillettlv@home.pl,908-887-4158
789,Nathalia,Englishby,nenglishbylw@netlog.com,927-106-2377
790,Beatrisa,Tomlins,btomlinslx@indiegogo.com,290-819-0849
791,Izaak,Fouracre,ifouracrely@odnoklassniki.ru,621-667-6228
792,Cullen,Pedwell,cpedwelllz@free.fr,550-135-0817
793,Felicio,Pigford,fpigfordm0@rediff.com,961-206-9261
794,Phillida,Burdus,pburdusm1@si.edu,178-801-3995
795,Ivonne,Mochan,imochanm2@globo.com,394-380-0616
796,Teodora,Boutcher,tboutcherm3@netlog.com,890-100-7264
797,Red,Demangeon,rdemangeonm4@google.ca,537-117-6951
798,Arleen,Vickerstaff,avickerstaffm5@pcworld.com,331-637-6802
799,Ranique,Withringten,rwithringtenm6@drupal.org,325-128-6761
800,Elsy,McChesney,emcchesneym7@pagesperso-orange.fr,741-481-8697
801,Enrica,Dolphin,edolphinm8@cbsnews.com,963-268-9940
802,Carmelita,Lawlance,clawlancem9@friendfeed.com,581-393-8630
803,Joseito,Piggen,jpiggenma@xing.com,527-837-7270
804,Birdie,Cheverell,bcheverellmb@ask.com,549-513-8671
805,Kris,Sacker,ksackermc@wired.com,288-327-9127
806,Dacy,Jansa,djansamd@is.gd,812-442-5421
807,Constanta,Pistol,cpistolme@chronoengine.com,410-960-1239
808,Tome,Kivell,tkivellmf@apache.org,989-356-9932
809,Noble,Haime,nhaimemg@drupal.org,656-727-3978
810,Corly,O'Fihillie,cofihilliemh@liveinternet.ru,312-993-2292
811,Eolanda,De Clairmont,edeclairmontmi@wp.com,616-282-7946
812,Iorgos,Fenich,ifenichmj@freewebs.com,595-122-5806
813,Jodi,Clementi,jclementimk@paypal.com,990-197-8046
814,Minny,Strete,mstreteml@de.vu,462-751-2676
815,Tom,Rourke,trourkemm@yellowpages.com,465-908-1407
816,Gottfried,Shaxby,gshaxbymn@adobe.com,560-628-2467
817,Bevin,Dealtry,bdealtrymo@shinystat.com,511-940-1129
818,Lenard,Fursse,lfurssemp@tinyurl.com,252-879-2556
819,Barbey,Keith,bkeithmq@netvibes.com,358-219-0366
820,Morganica,Sanderson,msandersonmr@cnbc.com,966-121-8709
821,Xylina,Doumic,xdoumicms@yahoo.com,748-436-4581
822,Clare,Pautot,cpautotmt@diigo.com,830-567-6285
823,Naoma,Harkins,nharkinsmu@sourceforge.net,654-584-0047
824,Sibelle,Starmore,sstarmoremv@eventbrite.com,913-352-4948
825,Jeri,O'Beirne,jobeirnemw@shinystat.com,198-418-0345
826,Gerhardt,Cunnane,gcunnanemx@163.com,549-820-7493
827,Les,McCalum,lmccalummy@uol.com.br,179-203-4084
828,Laurie,Endecott,lendecottmz@wunderground.com,699-698-1320
829,Madeleine,Berrigan,mberrigann0@go.com,762-145-9813
830,Stephani,Menico,smenicon1@smh.com.au,923-721-7982
831,Mitchell,Quail,mquailn2@typepad.com,579-727-7846
832,Nicole,MacGiffin,nmacgiffinn3@bizjournals.com,828-635-7058
833,Olga,Coode,ocooden4@list-manage.com,251-934-2800
834,Hilary,Pretious,hpretiousn5@imdb.com,545-748-0962
835,Gunar,Alexandersen,galexandersenn6@geocities.com,544-624-1996
836,Nicholle,Carnew,ncarnewn7@acquirethisname.com,641-560-4642
837,Jessey,De Freyne,jdefreynen8@elegantthemes.com,540-910-3228
838,Ricca,Malletratt,rmalletrattn9@ca.gov,828-632-8866
839,Vanya,Bownd,vbowndna@twitpic.com,182-822-5589
840,Adler,Duff,aduffnb@youtu.be,805-333-6170
841,Garry,Cheeney,gcheeneync@washington.edu,223-612-1459
842,Wylma,Yetman,wyetmannd@twitpic.com,221-764-4390
843,Dalila,Shearn,dshearnne@netlog.com,392-351-5252
844,Carole,Grishaev,cgrishaevnf@shutterfly.com,163-606-2308
845,Ronny,Bottini,rbottining@washingtonpost.com,161-728-3127
846,Celinka,Pavier,cpaviernh@blogtalkradio.com,516-923-2937
847,Dwight,Gummory,dgummoryni@ftc.gov,338-417-0499
848,Sherill,Ameer-Beg,sameerbegnj@shareasale.com,959-919-1813
849,Olav,Orgel,oorgelnk@mail.ru,852-975-8155
850,Danika,D'Acth,ddacthnl@goo.gl,688-154-2177
851,Elysha,Rowson,erowsonnm@ehow.com,455-824-3944
852,Orazio,Hartman,ohartmannn@zdnet.com,395-397-0310
853,Alejandra,Coughlan,acoughlanno@1und1.de,578-777-8850
854,Allyn,Demann,ademannnp@xrea.com,256-355-9612
855,Ephraim,Mattiazzo,emattiazzonq@webs.com,354-215-1156
856,Wilt,Waulker,wwaulkernr@elpais.com,909-283-2986
857,Korella,Burnhill,kburnhillns@dyndns.org,739-690-4887
858,Madison,Sifflett,msifflettnt@indiatimes.com,890-584-7407
859,See,Tredget,stredgetnu@blogspot.com,261-543-2228
860,Lucretia,Golthorpp,lgolthorppnv@chicagotribune.com,727-516-0246
861,Monty,Scanes,mscanesnw@usatoday.com,380-308-3061
862,Iseabal,Prester,ipresternx@fda.gov,211-280-2179
863,Katalin,Chippendale,kchippendaleny@goo.gl,543-936-3881
864,Gorden,Purshouse,gpurshousenz@zdnet.com,104-478-5415
865,Eada,Twell,etwello0@irs.gov,766-600-0878
866,Lynn,Blodgetts,lblodgettso1@intel.com,721-113-3352
867,Sebastien,Hibbart,shibbarto2@uol.com.br,514-861-1954
868,Vida,Dymidowski,vdymidowskio3@cnbc.com,274-519-1341
869,Axe,Roderick,arodericko4@sphinn.com,153-809-1227
870,Consalve,Klimshuk,cklimshuko5@4shared.com,690-793-2233
871,Trever,Croal,tcroalo6@ucsd.edu,575-222-5330
872,Flossi,Overthrow,foverthrowo7@dedecms.com,209-764-5515
873,Lynnell,Salmond,lsalmondo8@google.fr,631-239-4860
874,Sigismondo,Wincer,swincero9@i2i.jp,988-301-2880
875,Gallard,Millbank,gmillbankoa@google.fr,781-710-3295
876,Pauli,Bottrill,pbottrillob@china.com.cn,997-605-2640
877,Alvie,Lapthorne,alapthorneoc@uol.com.br,653-642-3432
878,Margret,Douce,mdouceod@theguardian.com,465-428-0871
879,Jedidiah,Batalini,jbatalinioe@msn.com,354-631-1084
880,Bruno,Lunge,blungeof@plala.or.jp,402-854-7679
881,Lari,Langlois,llangloisog@un.org,519-312-2721
882,Garvin,Copner,gcopneroh@amazon.co.jp,170-552-0501
883,Adore,Kinchin,akinchinoi@fda.gov,786-180-6058
884,Lloyd,Southcombe,lsouthcombeoj@1688.com,228-445-7660
885,Any,Borton,abortonok@devhub.com,661-609-4206
886,Westbrook,Scarsbrooke,wscarsbrookeol@chron.com,515-921-9097
887,Aarika,Clew,aclewom@amazon.co.uk,908-740-4379
888,Kimberley,Radloff,kradloffon@edublogs.org,429-449-3045
889,Cullen,Dyball,cdyballoo@omniture.com,256-119-9544
890,Vinnie,Glasscott,vglasscottop@yolasite.com,130-282-2771
891,Petr,Benjamin,pbenjaminoq@go.com,892-592-2229
892,Christie,Groarty,cgroartyor@prnewswire.com,978-617-0091
893,Dannie,Parman,dparmanos@reddit.com,309-735-2557
894,Nathalia,Clute,ncluteot@mediafire.com,381-517-2331
895,Jamesy,Coughlin,jcoughlinou@fastcompany.com,551-141-9252
896,Granny,Bedbrough,gbedbroughov@slate.com,196-425-5334
897,Jade,Gaenor,jgaenorow@squidoo.com,491-153-8635
898,Jilleen,O'Cannovane,jocannovaneox@dyndns.org,402-104-2918
899,Sargent,Theml,sthemloy@google.es,249-996-4878
900,Rochella,Collcott,rcollcottoz@usnews.com,999-449-7174
901,Isac,Stoffel,istoffelp0@csmonitor.com,228-923-6601
902,Diann,Lince,dlincep1@facebook.com,982-246-5806
903,Justus,Hendrickx,jhendrickxp2@toplist.cz,514-722-9645
904,Dody,Batchley,dbatchleyp3@pinterest.com,584-545-2628
905,Marylou,Waadenburg,mwaadenburgp4@wufoo.com,688-760-7821
906,Karoly,Stodhart,kstodhartp5@people.com.cn,697-896-5599
907,Gonzales,Covotto,gcovottop6@home.pl,603-274-4550
908,Mollie,Steere,msteerep7@archive.org,472-113-5984
909,Yurik,Mandel,ymandelp8@fastcompany.com,265-736-4770
910,Turner,Swansborough,tswansboroughp9@edublogs.org,934-511-9256
911,Ilyssa,Gail,igailpa@1und1.de,513-997-6057
912,Else,Drakeford,edrakefordpb@pinterest.com,871-512-6289
913,Kristy,De Ruel,kderuelpc@sfgate.com,590-246-8014
914,Cicily,Andrzej,candrzejpd@pen.io,742-344-2310
915,Cristi,Mithon,cmithonpe@dmoz.org,307-688-5117
916,Yolande,Clowton,yclowtonpf@parallels.com,542-278-2989
917,Marianna,Wardrop,mwardroppg@constantcontact.com,472-444-0010
918,Winnie,Smethurst,wsmethurstph@chronoengine.com,125-296-0435
919,Cassandra,Horburgh,chorburghpi@theglobeandmail.com,713-626-8940
920,Wilbert,Millmore,wmillmorepj@trellian.com,607-796-4868
921,Isidora,Edis,iedispk@hostgator.com,508-794-4854
922,Saidee,Westwood,swestwoodpl@utexas.edu,732-233-8418
923,Susann,Ewin,sewinpm@squidoo.com,207-896-3083
924,Rikki,Memmory,rmemmorypn@ask.com,146-571-4278
925,Zara,Daft,zdaftpo@moonfruit.com,690-975-7508
926,Salomo,Brumbie,sbrumbiepp@mac.com,136-495-0641
927,Eve,Rickaby,erickabypq@yelp.com,380-581-9062
928,Lilas,Bourdis,lbourdispr@ustream.tv,108-539-6683
929,Jennee,Titterton,jtittertonps@constantcontact.com,415-492-5855
930,Klarrisa,Feldstern,kfeldsternpt@webs.com,371-256-7067
931,Chadd,Shearn,cshearnpu@omniture.com,113-523-3755
932,Valerye,Jumont,vjumontpv@google.es,514-431-8275
933,Tatiania,Danniel,tdannielpw@linkedin.com,133-792-0453
934,Jami,Cristofor,jcristoforpx@dailymotion.com,501-532-9723
935,Roi,Fluck,rfluckpy@oakley.com,805-119-9764
936,Estevan,Cottee,ecotteepz@omniture.com,710-492-1584
937,Sibyl,Grimes,sgrimesq0@economist.com,278-109-9307
938,Sabina,Blumer,sblumerq1@oracle.com,362-573-6256
939,Ariadne,Curr,acurrq2@discuz.net,498-124-5087
940,Eldin,Denis,edenisq3@baidu.com,291-507-4018
941,Lucais,Kener,lkenerq4@fotki.com,777-734-8139
942,Scott,Jankovic,sjankovicq5@youtube.com,754-575-0542
943,Misty,Malster,mmalsterq6@ebay.com,900-293-6772
944,Sammy,Levicount,slevicountq7@addthis.com,895-379-3394
945,Sergent,Matcham,smatchamq8@ox.ac.uk,941-801-3014
946,Sylvester,Olech,solechq9@buzzfeed.com,380-874-7322
947,Gillie,Stanfield,gstanfieldqa@digg.com,273-854-5475
948,Tonnie,Caveney,tcaveneyqb@independent.co.uk,596-728-4112
949,Ryon,Pafford,rpaffordqc@dropbox.com,949-938-0528
950,Gonzalo,Richten,grichtenqd@techcrunch.com,202-281-8815
951,Danell,Vazquez,dvazquezqe@nature.com,816-721-3001
952,Harrison,Izhakov,hizhakovqf@mysql.com,333-404-0026
953,Penni,Tookill,ptookillqg@dyndns.org,185-403-0537
954,Kurt,Eddy,keddyqh@seattletimes.com,767-554-0356
955,Fern,Schruyer,fschruyerqi@surveymonkey.com,775-257-9063
956,Reinwald,O'Donnelly,rodonnellyqj@redcross.org,569-612-2290
957,Arlen,Giovanni,agiovanniqk@yelp.com,204-854-4183
958,Lavinia,Fonquernie,lfonquernieql@tripod.com,578-667-6401
959,Else,Claypoole,eclaypooleqm@jigsy.com,246-254-8209
960,Tymothy,Shilleto,tshilletoqn@topsy.com,130-873-2201
961,Jocelyn,Barendtsen,jbarendtsenqo@pagesperso-orange.fr,456-102-5786
962,Danyelle,Rodolfi,drodolfiqp@ning.com,107-448-6438
963,Dmitri,Grinaugh,dgrinaughqq@google.it,847-895-1545
964,Byram,Alen,balenqr@goodreads.com,876-664-0180
965,Deloris,Trowel,dtrowelqs@freewebs.com,963-165-9106
966,Evelyn,Coping,ecopingqt@163.com,838-438-4070
967,Marijo,Whiteley,mwhiteleyqu@yandex.ru,956-820-0891
968,Trudi,Floodgate,tfloodgateqv@bigcartel.com,254-483-5097
969,Ellene,Senecaux,esenecauxqw@eepurl.com,197-335-9296
970,Rodge,Leverton,rlevertonqx@ucoz.com,665-680-6401
971,Derk,Peacock,dpeacockqy@wunderground.com,315-891-0977
972,Alayne,Scanes,ascanesqz@nhs.uk,486-359-2426
973,Nelli,Kennifeck,nkennifeckr0@washingtonpost.com,971-106-6223
974,Ortensia,Semrad,osemradr1@tamu.edu,414-137-2979
975,Regina,Whear,rwhearr2@blogger.com,482-295-8773
976,Amabel,Gauche,agaucher3@psu.edu,846-364-4592
977,Pyotr,Mowling,pmowlingr4@forbes.com,205-838-7804
978,Artur,Skaife,askaifer5@rediff.com,438-771-9550
979,Calv,Maides,cmaidesr6@cornell.edu,320-291-2124
980,Liane,Trewartha,ltrewarthar7@blogtalkradio.com,569-567-8605
981,Rafaello,Adams,radamsr8@gov.uk,349-183-7565
982,Anthony,Pettwood,apettwoodr9@cbc.ca,449-883-8444
983,Bengt,Southcott,bsouthcottra@nasa.gov,837-644-8378
984,Suzi,Harmstone,sharmstonerb@abc.net.au,224-515-5570
985,Marsiella,Lusher,mlusherrc@arstechnica.com,931-346-4215
986,Aida,Lomas,alomasrd@furl.net,907-609-6999
987,Morna,Thowes,mthowesre@twitter.com,244-106-2550
988,Zaria,O'Loughlin,zoloughlinrf@hugedomains.com,151-627-3407
989,Hallie,Baurerich,hbaurerichrg@51.la,614-224-8943
990,Murdock,Domb,mdombrh@reference.com,125-209-9132
991,Ola,Kiendl,okiendlri@meetup.com,326-312-7238
992,Rahal,Galland,rgallandrj@nbcnews.com,966-579-8255
993,Maxwell,Girodon,mgirodonrk@trellian.com,557-817-6667
994,Madalena,Gundrey,mgundreyrl@home.pl,162-882-1507
995,Idaline,Seiter,iseiterrm@surveymonkey.com,347-203-6942
996,Melicent,Dell Casa,mdellcasarn@amazon.com,539-562-9522
997,Aurore,Allberry,aallberryro@guardian.co.uk,130-395-1285
998,Marylynne,Belliss,mbellissrp@furl.net,358-557-3518
999,Cheryl,Goseling,cgoselingrq@trellian.com,447-557-3266
1000,Eartha,Mallard,emallardrr@altervista.org,877-769-3039